<!DOCTYPE beans PUBLIC "-//SPRING//DTD BEAN 2.0//EN"
        "http://www.springframework.org/dtd/spring-beans-2.0.dtd">

<beans>
	<bean id="event1" class="com.spring.Event">
		<property name="eventName" value="Magic Show"></property>
		<property name="eventOrganiser" value="Vadivel"></property>
		<property name="fare" value="650"></property>
	</bean>
	<bean id="event2" class="com.spring.Event">
		<property name="eventName" value="Puppet Show"></property>
		<property name="eventOrganiser" value="Maggie"></property>
		<property name="fare" value="250"></property>
	</bean>
	<bean id="event3" class="com.spring.Event">
		<property name="eventName" value="Standup Comedy"></property>
		<property name="eventOrganiser" value="Arun"></property>
		<property name="fare" value="500"></property>
	</bean>
</beans>
